{
  "best_val_loss": 1.9280765023724786,
  "final_perplexity": 6.876271021862606,
  "best_perplexity": 6.876271021862606,
  "perplexity_per_epoch": [
    10.972089566853313,
    9.789835816624523,
    8.827094865888842,
    8.274397449733506,
    7.919986094968619,
    7.684090496226316,
    7.489310952452522,
    7.384035881886922,
    7.297369801139237,
    7.174149176105185,
    7.134807214509065,
    7.052344468854541,
    7.011407793850683,
    6.97488920171521,
    6.941379587642725,
    6.913336554818253,
    6.893253571470508,
    6.888851596715467,
    6.877920040306537,
    6.876271021862606
  ]
}